id	rate
1001	.997
1003	.991
1005	.834
1007	.821
1009	.999
1011	.864
1013	.867
1015	.808
1017	.886
1019	.818
1021	.999
1023	.827
1025	.87
1027	.859
1029	.804
1031	.985
1033	.814
1035	.895
1037	.84
1039	.801
1041	.997
1043	.996
1045	.993
1047	.611
1049	.843
1051	.99
1053	.829
1055	.807
1057	.828
1059	.823
1061	.8
1063	.847
1065	.827
1067	.999
1069	.989
1071	.818
1073	.807
1075	.848
1077	.805
1079	.836
1081	.986
1083	.993
1085	.885
1087	.814
1089	.975
1091	.848
1093	.852
1095	.992
1097	.811
1099	.887
1101	.802
1103	.804
1105	.898
1107	.83
1109	.987
1111	.851
1113	.826
1115	.807
1117	.976
1119	.839
1121	.836
1123	.837
1125	.99
1127	.819
1129	.851
1131	.656
1133	.875
2013	.801
2016	.984
2020	.97
2050	.848
2060	.936
2068	.934
2070	.984
2090	.969
2100	.962
2110	.957
2122	.997
2130	.961
2150	.966
2164	.959
2170	.988
2180	.821
2185	.957
2188	.832
2201	.836
2220	.959
2232	.973
2240	.981
2261	.964
2270	.604
2280	.998
2282	.963
2290	.836
4001	.848
4003	.974
4005	.977
4007	.809
4009	.844
4011	.615
4012	.989
4013	.985
4015	.802
4017	.842
4019	.984
4021	.818
4023	.872
4025	.995
4027	.642
5001	.843
5003	.991
5005	.982
5007	.953
5009	.964
5011	.978
5013	.962
5015	.943
5017	.996
5019	.963
5021	.804
5023	.959
5025	.96
5027	.981
5029	.965
5031	.959
5033	.966
5035	.999
5037	.971
5039	.976
5041	.999
5043	.991
5045	.96
5047	.959
5049	.961
5051	.966
5053	.957
5055	.982
5057	.986
5059	.973
5061	.972
5063	.978
5065	.977
5067	.992
5069	.992
5071	.961
5073	.986
5075	.979
5077	.982
5079	.982
5081	.956
5083	.977
5085	.952
5087	.953
5089	.812
5091	.945
5093	.813
5095	.974
5097	.958
5099	.987
5101	.962
5103	.971
5105	.956
5107	.988
5109	.963
5111	.975
5113	.964
5115	.962
5117	.967
5119	.96
5121	.973
5123	.994
5125	.958
5127	.963
5129	.959
5131	.962
5133	.951
5135	.978
5137	.966
5139	.995
5141	.991
5143	.95
5145	.967
5147	.991
5149	.964
6001	.813
6003	.852
6005	.821
6007	.822
6009	.843
6011	.845
6013	.812
6015	.819
6017	.812
6019	.841
6021	.838
6023	.803
6025	.601
6027	.995
6029	.839
6031	.839
6033	.847
6035	.818
6037	.827
6039	.823
6041	.98
6043	.988
6045	.801
6047	.857
6049	.811
6051	.803
6053	.8
6055	.987
6057	.809
6059	.994
6061	.813
6063	.839
6065	.847
6067	.822
6069	.825
6071	.836
6073	.802
6075	.997
6077	.855
6079	.99
6081	.99
6083	.985
6085	.818
6087	.802
6089	.847
6091	.837
6093	.835
6095	.815
6097	.999
6099	.853
6101	.851
6103	.837
6105	.859
6107	.849
6109	.827
6111	.81
6113	.809
6115	.878
8001	.981
8003	.955
8005	.969
8007	.962
8009	.934
8011	.95
8013	.955
8014	.966
8015	.951
8017	.92
8019	.97
8021	.951
8023	.984
8025	.976
8027	.952
8029	.966
8031	.977
8033	.832
8035	.959
8037	.962
8039	.96
8041	.972
8043	.977
8045	.958
8047	.96
8049	.958
8051	.944
8053	.922
8055	.972
8057	.933
8059	.967
8061	.928
8063	.929
8065	.971
8067	.947
8069	.956
8071	.97
8073	.937
8075	.946
8077	.982
8079	.953
8081	.956
8083	.963
8085	.969
8087	.949
8089	.958
8091	.941
8093	.961
8095	.926
8097	.95
8099	.95
8101	.975
8103	.939
8105	.948
8107	.96
8109	.978
8111	.953
8113	.942
8115	.933
8117	.958
8119	.967
8121	.932
8123	.975
8125	.926
9001	.978
9003	.988
9005	.979
9007	.967
9009	.989
9011	.976
9013	.967
9015	.99
10001	.979
10003	.986
10005	.973
11001	.817
12001	.971
12003	.814
12005	.989
12007	.983
12009	.811
12011	.998
12013	.982
12015	.827
12017	.821
12019	.998
12021	.831
12023	.99
12027	.817
12029	.823
12031	.812
12033	.998
12035	.862
12037	.971
12039	.996
12041	.8
12043	.8
12045	.998
12047	.813
12049	.826
12051	.868
12053	.838
12055	.816
12057	.815
12059	.972
12061	.852
12063	.972
12065	.985
12067	.972
12069	.823
12071	.839
12073	.972
12075	.821
12077	.953
12079	.817
12081	.827
12083	.833
12085	.819
12086	.813
12087	.97
12089	.807
12091	.972
12093	.833
12095	.814
12097	.828
12099	.817
12101	.825
12103	.812
12105	.827
12107	.822
12109	.99
12111	.853
12113	.994
12115	.823
12117	.806
12119	.99
12121	.998
12123	.804
12125	.984
12127	.817
12129	.972
12131	.968
12133	.996
13001	.997
13003	.826
13005	.985
13007	.991
13009	.816
13011	.967
13013	.811
13015	.833
13017	.853
13019	.824
13021	.8
13023	.997
13025	.816
13027	.987
13029	.981
13031	.99
13033	.822
13035	.827
13037	.811
13039	.991
13043	.993
13045	.808
13047	.98
13049	.806
13051	.985
13053	.846
13055	.814
13057	.995
13059	.97
13061	.982
13063	.823
13065	.81
13067	.996
13069	.868
13071	.99
13073	.97
13075	.819
13077	.8
13079	.995
13081	.821
13083	.99
13085	.801
13087	.827
13089	.807
13091	.812
13093	.801
13095	.811
13097	.814
13099	.805
13101	.967
13103	.979
13105	.822
13107	.803
13109	.989
13111	.8
13113	.984
13115	.811
13117	.986
13119	.818
13121	.807
13123	.998
13125	.811
13127	.982
13129	.831
13131	.998
13133	.811
13135	.994
13137	.994
13139	.991
13141	.877
13143	.813
13145	.972
13147	.838
13149	.824
13151	.804
13153	.973
13155	.845
13157	.809
13159	.827
13161	.835
13163	.849
13165	.896
13167	.819
13169	.986
13171	.853
13173	.984
13175	.808
13177	.979
13179	.985
13181	.803
13183	.959
13185	.982
13187	.811
13189	.821
13191	.996
13193	.83
13195	.983
13197	.999
13199	.832
13201	.987
13205	.804
13207	.802
13209	.985
13211	.998
13213	.823
13215	.992
13217	.826
13219	.962
13221	.982
13223	.807
13225	.802
13227	.808
13229	.993
13231	.818
13233	.808
13235	.971
13237	.804
13239	.818
13241	.804
13243	.83
13245	.803
13247	.82
13249	.838
13251	.837
13253	.807
13255	.854
13257	.807
13259	.807
13261	.829
13263	.998
13265	.824
13267	.987
13269	.83
13271	.862
13273	.816
13275	.993
13277	.806
13279	.998
13281	.978
13283	.819
13285	.829
13287	.83
13289	.814
13291	.99
13293	.833
13295	.996
13297	.81
13299	.807
13301	.888
13303	.84
13305	.817
13307	.991
13309	.991
13311	.995
13313	.825
13315	.816
13317	.817
13319	.807
13321	.808
15001	.808
15003	.963
15007	.996
15009	.997
16001	.991
16003	.821
16005	.984
16007	.952
16009	.821
16011	.959
16013	.977
16015	.971
16017	.995
16019	.959
16021	.82
16023	.945
16025	.81
16027	.806
16029	.96
16031	.959
16033	.941
16035	.818
16037	.939
16039	.977
16041	.94
16043	.966
16045	.804
16047	.955
16049	.983
16051	.968
16053	.959
16055	.987
16057	.959
16059	.965
16061	.952
16063	.997
16065	.955
16067	.96
16069	.955
16071	.95
16073	.941
16075	.977
16077	.967
16079	.819
16081	.951
16083	.968
16085	.814
16087	.984
17001	.979
17003	.812
17005	.993
17007	.838
17009	.945
17011	.809
17013	.995
17015	.805
17017	.973
17019	.982
17021	.999
17023	.831
17025	.814
17027	.979
17029	.991
17031	.806
17033	.805
17035	.997
17037	.992
17039	.992
17041	.991
17043	.986
17045	.807
17047	.991
17049	.979
17051	.816
17053	.804
17055	.846
17057	.825
17059	.81
17061	.992
17063	.814
17065	.993
17067	.813
17069	.828
17071	.994
17073	.986
17075	.8
17077	.973
17079	.995
17081	.8
17083	.988
17085	.981
17087	.804
17089	.999
17091	.828
17093	.804
17095	.803
17097	.8
17099	.824
17101	.803
17103	.809
17105	.807
17107	.995
17109	.977
17111	.993
17113	.974
17115	.824
17117	.805
17119	.997
17121	.819
17123	.806
17125	.843
17127	.98
17129	.978
17131	.989
17133	.978
17135	.822
17137	.984
17139	.99
17141	.819
17143	.816
17145	.819
17147	.982
17149	.981
17151	.806
17153	.819
17155	.85
17157	.994
17159	.805
17161	.995
17163	.808
17165	.812
17167	.979
17169	.966
17171	.975
17173	.8
17175	.998
17177	.816
17179	.813
17181	.808
17183	.82
17185	.803
17187	.98
17189	.98
17191	.997
17193	.986
17195	.806
17197	.999
17199	.996
17201	.855
17203	.986
18001	.834
18003	.993
18005	.988
18007	.99
18009	.833
18011	.968
18013	.978
18015	.999
18017	.805
18019	.982
18021	.996
18023	.992
18025	.805
18027	.949
18029	.989
18031	.81
18033	.824
18035	.995
18037	.98
18039	.85
18041	.834
18043	.974
18045	.816
18047	.989
18049	.812
18051	.967
18053	.811
18055	.971
18057	.961
18059	.978
18061	.978
18063	.968
18065	.82
18067	.819
18069	.811
18071	.801
18073	.987
18075	.804
18077	.995
18079	.822
18081	.974
18083	.966
18085	.81
18087	.84
18089	.994
18091	.807
18093	.811
18095	.997
18097	.984
18099	.814
18101	.963
18103	.823
18105	.956
18107	.997
18109	.975
18111	.989
18113	.845
18115	.805
18117	.992
18119	.981
18121	.983
18123	.988
18125	.987
18127	.982
18129	.97
18131	.995
18133	.982
18135	.802
18137	.991
18139	.995
18141	.804
18143	.821
18145	.988
18147	.981
18149	.826
18151	.829
18153	.993
18155	.97
18157	.985
18159	.803
18161	.986
18163	.974
18165	.808
18167	.992
18169	.82
18171	.801
18173	.969
18175	.812
18177	.809
18179	.991
18181	.994
18183	.816
19001	.951
19003	.96
19005	.993
19007	.994
19009	.951
19011	.958
19013	.958
19015	.959
19017	.95
19019	.959
19021	.955
19023	.96
19025	.954
19027	.942
19029	.958
19031	.957
19033	.967
19035	.944
19037	.984
19039	.974
19041	.962
19043	.979
19045	.977
19047	.947
19049	.951
19051	.801
19053	.966
19055	.968
19057	.982
19059	.958
19061	.96
19063	.986
19065	.985
19067	.987
19069	.97
19071	.97
19073	.963
19075	.949
19077	.956
19079	.981
19081	.99
19083	.96
19085	.944
19087	.988
19089	.986
19091	.962
19093	.958
19095	.958
19097	.977
19099	.981
19101	.987
19103	.944
19105	.963
19107	.971
19109	.956
19111	.814
19113	.965
19115	.98
19117	.96
19119	.943
19121	.958
19123	.977
19125	.957
19127	.97
19129	.943
19131	.954
19133	.971
19135	.975
19137	.987
19139	.989
19141	.953
19143	.954
19145	.987
19147	.97
19149	.947
19151	.952
19153	.962
19155	.948
19157	.966
19159	.953
19161	.947
19163	.973
19165	.939
19167	.941
19169	.945
19171	.966
19173	.967
19175	.96
19177	.98
19179	.994
19181	.958
19183	.949
19185	.964
19187	.983
19189	.991
19191	.958
19193	.957
19195	.963
19197	.984
20001	.978
20003	.979
20005	.981
20007	.951
20009	.961
20011	.965
20013	.956
20015	.972
20017	.954
20019	.984
20021	.985
20023	.937
20025	.937
20027	.942
20029	.945
20031	.957
20033	.938
20035	.976
20037	.981
20039	.933
20041	.951
20043	.988
20045	.954
20047	.944
20049	.81
20051	.936
20053	.941
20055	.943
20057	.938
20059	.971
20061	.969
20063	.935
20065	.943
20067	.942
20069	.934
20071	.945
20073	.972
20075	.942
20077	.956
20079	.974
20081	.937
20083	.942
20085	.96
20087	.967
20089	.949
20091	.968
20093	.945
20095	.963
20097	.949
20099	.978
20101	.934
20103	.973
20105	.963
20107	.984
20109	.94
20111	.957
20113	.951
20115	.963
20117	.949
20119	.942
20121	.968
20123	.958
20125	.994
20127	.968
20129	.947
20131	.943
20133	.97
20135	.94
20137	.947
20139	.97
20141	.944
20143	.965
20145	.937
20147	.96
20149	.941
20151	.953
20153	.935
20155	.963
20157	.941
20159	.951
20161	.932
20163	.973
20165	.959
20167	.946
20169	.957
20171	.932
20173	.988
20175	.951
20177	.964
20179	.932
20181	.939
20183	.943
20185	.961
20187	.934
20189	.953
20191	.99
20193	.936
20195	.936
20197	.966
20199	.959
20201	.945
20203	.935
20205	.802
20207	.989
20209	.804
21001	.801
21003	.843
21005	.809
21007	.802
21009	.816
21011	.833
21013	.825
21015	.992
21017	.991
21019	.983
21021	.81
21023	.802
21025	.8
21027	.821
21029	.808
21031	.837
21033	.809
21035	.98
21037	.807
21039	.991
21041	.824
21043	.835
21045	.802
21047	.829
21049	.814
21051	.835
21053	.99
21055	.808
21057	.83
21059	.991
21061	.828
21063	.826
21065	.829
21067	.977
21069	.822
21071	.824
21073	.991
21075	.844
21077	.811
21079	.819
21081	.801
21083	.803
21085	.864
21087	.824
21089	.998
21091	.836
21093	.8
21095	.825
21097	.811
21099	.806
21101	.998
21103	.807
21105	.992
21107	.991
21109	.875
21111	.805
21113	.988
21115	.811
21117	.8
21119	.82
21121	.815
21123	.807
21125	.801
21127	.831
21129	.823
21131	.837
21133	.82
21135	.851
21137	.821
21139	.998
21141	.804
21143	.822
21145	.991
21147	.833
21149	.806
21151	.987
21153	.614
21155	.829
21157	.807
21159	.824
21161	.811
21163	.824
21165	.847
21167	.808
21169	.858
21171	.84
21173	.826
21175	.845
21177	.807
21179	.815
21181	.825
21183	.994
21185	.986
21187	.801
21189	.812
21191	.817
21193	.825
21195	.807
21197	.867
21199	.8
21201	.996
21203	.828
21205	.986
21207	.808
21209	.991
21211	.996
21213	.818
21215	.802
21217	.802
21219	.826
21221	.86
21223	.807
21225	.808
21227	.992
21229	.827
21231	.836
21233	.988
21235	.814
21237	.839
21239	.983
22001	.971
22003	.801
22005	.967
22007	.988
22009	.981
22011	.98
22013	.805
22015	.964
22017	.979
22019	.972
22021	.807
22023	.956
22025	.803
22027	.803
22029	.813
22031	.99
22033	.968
22035	.842
22037	.98
22039	.986
22041	.813
22043	.982
22045	.976
22047	.804
22049	.978
22051	.965
22053	.964
22055	.959
22057	.949
22059	.973
22061	.978
22063	.97
22065	.993
22067	.851
22069	.984
22071	.807
22073	.976
22075	.962
22077	.979
22079	.969
22081	.996
22083	.807
22085	.981
22087	.805
22089	.965
22091	.818
22093	.8
22095	.984
22097	.983
22099	.975
22101	.986
22103	.952
22105	.981
22107	.835
22109	.952
22111	.822
22113	.972
22115	.967
22117	.996
22119	.991
22121	.974
22123	.87
22125	.982
22127	.991
23001	.984
23003	.993
23005	.965
23007	.812
23009	.968
23011	.973
23013	.97
23015	.963
23017	.809
23019	.98
23021	.816
23023	.967
23025	.807
23027	.978
23029	.804
23031	.974
24001	.975
24003	.965
24005	.977
24009	.959
24011	.988
24013	.96
24015	.986
24017	.959
24019	.809
24021	.959
24023	.969
24025	.971
24027	.954
24029	.971
24031	.953
24033	.973
24035	.966
24037	.956
24039	.995
24041	.968
24043	.994
24045	.977
24047	.975
24510	.806
25001	.98
25003	.984
25005	.818
25007	.95
25009	.801
25011	.987
25013	.805
25015	.973
25017	.981
25019	.95
25021	.985
25023	.997
25025	.993
25027	.801
26001	.867
26003	.82
26005	.832
26007	.839
26009	.847
26011	.858
26013	.643
26015	.805
26017	.823
26019	.82
26021	.835
26023	.84
26025	.824
26027	.814
26029	.839
26031	.986
26033	.816
26035	.868
26037	.994
26039	.837
26041	.815
26043	.82
26045	.803
26047	.822
26049	.858
26051	.865
26053	.833
26055	.82
26057	.837
26059	.872
26061	.802
26063	.848
26065	.816
26067	.834
26069	.864
26071	.817
26073	.985
26075	.849
26077	.812
26079	.843
26081	.817
26083	.819
26085	.875
26087	.881
26089	.99
26091	.861
26093	.836
26095	.832
26097	.961
26099	.881
26101	.826
26103	.801
26105	.829
26107	.83
26109	.825
26111	.802
26113	.85
26115	.842
26117	.876
26119	.889
26121	.86
26123	.838
26125	.856
26127	.852
26129	.827
26131	.838
26133	.853
26135	.891
26137	.847
26139	.828
26141	.86
26143	.846
26145	.829
26147	.89
26149	.839
26151	.878
26153	.827
26155	.852
26157	.863
26159	.832
26161	.993
26163	.883
26165	.883
27001	.981
27003	.979
27005	.964
27007	.972
27009	.97
27011	.945
27013	.963
27015	.955
27017	.973
27019	.97
27021	.979
27023	.961
27025	.984
27027	.936
27029	.991
27031	.947
27033	.952
27035	.974
27037	.969
27039	.961
27041	.956
27043	.976
27045	.97
27047	.976
27049	.967
27051	.968
27053	.973
27055	.971
27057	.973
27059	.983
27061	.992
27063	.947
27065	.803
27067	.955
27069	.952
27071	.973
27073	.954
27075	.975
27077	.969
27079	.986
27081	.945
27083	.949
27085	.98
27087	.96
27089	.962
27091	.969
27093	.978
27095	.805
27097	.99
27099	.955
27101	.939
27103	.961
27105	.945
27107	.951
27109	.955
27111	.963
27113	.956
27115	.991
27117	.953
27119	.944
27121	.964
27123	.974
27125	.967
27127	.961
27129	.964
27131	.975
27133	.951
27135	.95
27137	.982
27139	.968
27141	.981
27143	.965
27145	.968
27147	.977
27149	.943
27151	.966
27153	.975
27155	.962
27157	.971
27159	.988
27161	.97
27163	.968
27165	.975
27167	.947
27169	.97
27171	.982
27173	.951
28001	.98
28003	.813
28005	.986
28007	.818
28009	.826
28011	.99
28013	.997
28015	.998
28017	.832
28019	.813
28021	.85
28023	.8
28025	.878
28027	.811
28029	.999
28031	.977
28033	.972
28035	.977
28037	.99
28039	.8
28041	.999
28043	.81
28045	.975
28047	.972
28049	.979
28051	.866
28053	.802
28055	.992
28057	.996
28059	.98
28061	.802
28063	.855
28065	.806
28067	.971
28069	.803
28071	.969
28073	.966
28075	.987
28077	.802
28079	.987
28081	.998
28083	.816
28085	.988
28087	.802
28089	.963
28091	.801
28093	.812
28095	.837
28097	.827
28099	.984
28101	.979
28103	.876
28105	.98
28107	.819
28109	.983
28111	.804
28113	.998
28115	.987
28117	.815
28119	.811
28121	.956
28123	.959
28125	.99
28127	.982
28129	.982
28131	.972
28133	.818
28135	.999
28137	.803
28139	.825
28141	.801
28143	.83
28145	.988
28147	.803
28149	.991
28151	.813
28153	.994
28155	.835
28157	.801
28159	.851
28161	.829
28163	.805
29001	.965
29003	.976
29005	.979
29007	.992
29009	.981
29011	.817
29013	.808
29015	.993
29017	.988
29019	.962
29021	.987
29023	.98
29025	.986
29027	.98
29029	.979
29031	.969
29033	.998
29035	.987
29037	.997
29039	.986
29041	.805
29043	.98
29045	.813
29047	.986
29049	.987
29051	.967
29053	.984
29055	.807
29057	.801
29059	.994
29061	.987
29063	.993
29065	.994
29067	.998
29069	.811
29071	.815
29073	.808
29075	.968
29077	.983
29079	.969
29081	.978
29083	.996
29085	.823
29087	.971
29089	.983
29091	.992
29093	.987
29095	.809
29097	.984
29099	.806
29101	.98
29103	.959
29105	.81
29107	.99
29109	.978
29111	.983
29113	.813
29115	.803
29117	.978
29119	.97
29121	.979
29123	.998
29125	.987
29127	.989
29129	.979
29131	.806
29133	.997
29135	.978
29137	.81
29139	.803
29141	.813
29143	.989
29145	.979
29147	.959
29149	.99
29151	.999
29153	.976
29155	.821
29157	.972
29159	.981
29161	.971
29163	.983
29165	.98
29167	.989
29169	.968
29171	.974
29173	.98
29175	.994
29177	.983
29179	.827
29181	.995
29183	.987
29185	.803
29186	.993
29187	.809
29189	.996
29195	.979
29197	.978
29199	.822
29201	.992
29203	.996
29205	.981
29207	.99
29209	.99
29211	.964
29213	.986
29215	.988
29217	.979
29219	.812
29221	.837
29223	.995
29225	.99
29227	.984
29229	.996
29510	.811
30001	.944
30003	.802
30005	.95
30007	.962
30009	.948
30011	.939
30013	.952
30015	.942
30017	.946
30019	.942
30021	.948
30023	.965
30025	.937
30027	.947
30029	.988
30031	.955
30033	.934
30035	.972
30037	.947
30039	.982
30041	.951
30043	.958
30045	.946
30047	.983
30049	.943
30051	.947
30053	.811
30055	.932
30057	.948
30059	.978
30061	.986
30063	.956
30065	.975
30067	.961
30069	.945
30071	.948
30073	.96
30075	.94
30077	.973
30079	.931
30081	.975
30083	.946
30085	.975
30087	.973
30089	.812
30091	.943
30093	.955
30095	.952
30097	.931
30099	.94
30101	.941
30103	.951
30105	.946
30107	.943
30109	.941
30111	.947
31001	.956
31003	.936
31005	.944
31007	.935
31009	.952
31011	.939
31013	.971
31015	.936
31017	.931
31019	.935
31021	.957
31023	.939
31025	.946
31027	.932
31029	.93
31031	.925
31033	.941
31035	.943
31037	.94
31039	.935
31041	.931
31043	.955
31045	.944
31047	.948
31049	.938
31051	.937
31053	.949
31055	.95
31057	.94
31059	.944
31061	.937
31063	.93
31065	.941
31067	.959
31069	.944
31071	.925
31073	.938
31075	.931
31077	.933
31079	.944
31081	.934
31083	.936
31085	.942
31087	.966
31089	.932
31091	.94
31093	.938
31095	.946
31097	.939
31099	.938
31101	.939
31103	.944
31105	.943
31107	.936
31109	.942
31111	.94
31113	.943
31115	.932
31117	.94
31119	.942
31121	.94
31123	.941
31125	.936
31127	.954
31129	.947
31131	.95
31133	.941
31135	.931
31137	.938
31139	.936
31141	.944
31143	.942
31145	.942
31147	.957
31149	.931
31151	.94
31153	.947
31155	.945
31157	.948
31159	.937
31161	.935
31163	.93
31165	.938
31167	.936
31169	.943
31171	.938
31173	.838
31175	.929
31177	.941
31179	.938
31181	.942
31183	.932
31185	.957
32001	.999
32003	.839
32005	.826
32007	.968
32009	.983
32011	.993
32013	.986
32015	.972
32017	.994
32019	.863
32021	.805
32023	.861
32027	.806
32029	.848
32031	.831
32033	.984
32510	.828
33001	.97
33003	.954
33005	.965
33007	.978
33009	.956
33011	.975
33013	.963
33015	.975
33017	.966
33019	.965
34001	.822
34003	.984
34005	.991
34007	.809
34009	.985
34011	.826
34013	.811
34015	.8
34017	.816
34019	.969
34021	.981
34023	.992
34025	.987
34027	.976
34029	.996
34031	.817
34033	.801
34035	.979
34037	.985
34039	.998
34041	.988
35001	.975
35003	.981
35005	.968
35006	.963
35007	.98
35009	.944
35011	.943
35013	.969
35015	.96
35017	.823
35019	.975
35021	.945
35023	.976
35025	.983
35027	.951
35028	.929
35029	.834
35031	.986
35033	.831
35035	.968
35037	.959
35039	.972
35041	.944
35043	.99
35045	.983
35047	.978
35049	.965
35051	.948
35053	.95
35055	.987
35057	.988
35059	.955
35061	.985
36001	.971
36003	.979
36005	.833
36007	.985
36009	.985
36011	.98
36013	.978
36015	.989
36017	.987
36019	.99
36021	.977
36023	.985
36025	.984
36027	.982
36029	.983
36031	.978
36033	.978
36035	.991
36037	.972
36039	.984
36041	.956
36043	.976
36045	.978
36047	.81
36049	.976
36051	.975
36053	.974
36055	.983
36057	.988
36059	.972
36061	.992
36063	.988
36065	.973
36067	.979
36069	.967
36071	.982
36073	.982
36075	.993
36077	.968
36079	.97
36081	.991
36083	.977
36085	.989
36087	.974
36089	.989
36091	.964
36093	.978
36095	.976
36097	.974
36099	.973
36101	.995
36103	.975
36105	.986
36107	.979
36109	.956
36111	.981
36113	.972
36115	.974
36117	.978
36119	.974
36121	.978
36123	.96
37001	.818
37003	.836
37005	.809
37007	.848
37009	.8
37011	.979
37013	.812
37015	.805
37017	.82
37019	.805
37021	.982
37023	.841
37025	.814
37027	.852
37029	.971
37031	.976
37033	.824
37035	.836
37037	.98
37039	.842
37041	.819
37043	.808
37045	.843
37047	.825
37049	.8
37051	.991
37053	.95
37055	.968
37057	.825
37059	.821
37061	.987
37063	.98
37065	.863
37067	.995
37069	.997
37071	.833
37073	.971
37075	.834
37077	.802
37079	.802
37081	.81
37083	.831
37085	.809
37087	.985
37089	.986
37091	.994
37093	.983
37095	.959
37097	.821
37099	.978
37101	.995
37103	.809
37105	.835
37107	.814
37109	.832
37111	.841
37113	.992
37115	.993
37117	.806
37119	.81
37121	.81
37123	.833
37125	.995
37127	.819
37129	.991
37131	.807
37133	.983
37135	.963
37137	.801
37139	.991
37141	.808
37143	.803
37145	.808
37147	.8
37149	.982
37151	.81
37153	.832
37155	.815
37157	.817
37159	.828
37161	.843
37163	.983
37165	.865
37167	.819
37169	.801
37171	.818
37173	.991
37175	.985
37177	.988
37179	.8
37181	.83
37183	.983
37185	.827
37187	.817
37189	.969
37191	.988
37193	.829
37195	.819
37197	.993
37199	.809
38001	.927
38003	.934
38005	.953
38007	.913
38009	.929
38011	.927
38013	.922
38015	.928
38017	.937
38019	.925
38021	.941
38023	.934
38025	.936
38027	.938
38029	.951
38031	.928
38033	.925
38035	.935
38037	.932
38039	.936
38041	.927
38043	.934
38045	.943
38047	.927
38049	.929
38051	.931
38053	.922
38055	.934
38057	.933
38059	.93
38061	.944
38063	.929
38065	.931
38067	.951
38069	.94
38071	.932
38073	.96
38075	.933
38077	.943
38079	.997
38081	.965
38083	.937
38085	.943
38087	.912
38089	.928
38091	.921
38093	.932
38095	.926
38097	.935
38099	.945
38101	.928
38103	.938
38105	.92
39001	.838
39003	.802
39005	.814
39007	.826
39009	.986
39011	.801
39013	.992
39015	.819
39017	.991
39019	.832
39021	.814
39023	.999
39025	.994
39027	.839
39029	.825
39031	.823
39033	.832
39035	.985
39037	.999
39039	.817
39041	.967
39043	.995
39045	.982
39047	.817
39049	.982
39051	.821
39053	.995
39055	.965
39057	.994
39059	.808
39061	.989
39063	.991
39065	.812
39067	.806
39069	.809
39071	.853
39073	.804
39075	.963
39077	.828
39079	.805
39081	.827
39083	.987
39085	.979
39087	.984
39089	.989
39091	.812
39093	.991
39095	.813
39097	.985
39099	.818
39101	.802
39103	.975
39105	.852
39107	.978
39109	.81
39111	.815
39113	.81
39115	.846
39117	.8
39119	.819
39121	.84
39123	.807
39125	.815
39127	.828
39129	.803
39131	.847
39133	.992
39135	.811
39137	.99
39139	.818
39141	.815
39143	.808
39145	.821
39147	.82
39149	.819
39151	.81
39153	.996
39155	.835
39157	.802
39159	.98
39161	.832
39163	.813
39165	.985
39167	.994
39169	.989
39171	.841
39173	.8
39175	.812
40001	.976
40003	.955
40005	.984
40007	.933
40009	.959
40011	.957
40013	.952
40015	.961
40017	.955
40019	.957
40021	.956
40023	.976
40025	.935
40027	.952
40029	.988
40031	.951
40033	.94
40035	.955
40037	.981
40039	.949
40041	.96
40043	.946
40045	.945
40047	.945
40049	.959
40051	.974
40053	.942
40055	.979
40057	.969
40059	.943
40061	.984
40063	.807
40065	.948
40067	.986
40069	.97
40071	.981
40073	.943
40075	.962
40077	.804
40079	.987
40081	.967
40083	.956
40085	.954
40087	.956
40089	.816
40091	.982
40093	.945
40095	.975
40097	.981
40099	.947
40101	.981
40103	.977
40105	.993
40107	.989
40109	.961
40111	.985
40113	.974
40115	.962
40117	.982
40119	.963
40121	.965
40123	.951
40125	.965
40127	.989
40129	.945
40131	.972
40133	.992
40135	.987
40137	.984
40139	.938
40141	.956
40143	.968
40145	.966
40147	.959
40149	.963
40151	.942
40153	.965
41001	.985
41003	.975
41005	.804
41007	.982
41009	.826
41011	.817
41013	.861
41015	.812
41017	.835
41019	.84
41021	.956
41023	.999
41025	.85
41027	.966
41029	.815
41031	.829
41033	.833
41035	.82
41037	.801
41039	.815
41041	.994
41043	.836
41045	.993
41047	.803
41049	.974
41051	.809
41053	.993
41055	.976
41057	.982
41059	.978
41061	.802
41063	.987
41065	.98
41067	.996
41069	.967
41071	.81
42001	.974
42003	.972
42005	.98
42007	.984
42009	.809
42011	.991
42013	.974
42015	.976
42017	.973
42019	.971
42021	.988
42023	.867
42025	.8
42027	.956
42029	.963
42031	.983
42033	.998
42035	.982
42037	.982
42039	.801
42041	.968
42043	.981
42045	.979
42047	.829
42049	.992
42051	.991
42053	.802
42055	.986
42057	.843
42059	.978
42061	.802
42063	.978
42065	.995
42067	.976
42069	.983
42071	.975
42073	.989
42075	.97
42077	.993
42079	.992
42081	.993
42083	.8
42085	.813
42087	.804
42089	.99
42091	.97
42093	.959
42095	.988
42097	.994
42099	.981
42101	.81
42103	.986
42105	.803
42107	.801
42109	.986
42111	.985
42113	.979
42115	.978
42117	.978
42119	.988
42121	.987
42123	.973
42125	.979
42127	.966
42129	.978
42131	.969
42133	.984
44001	.811
44003	.819
44005	.8
44007	.835
44009	.992
45001	.848
45003	.994
45005	.625
45007	.825
45009	.881
45011	.89
45013	.987
45015	.807
45017	.844
45019	.99
45021	.862
45023	.611
45025	.868
45027	.861
45029	.842
45031	.83
45033	.872
45035	.803
45037	.807
45039	.829
45041	.817
45043	.825
45045	.802
45047	.837
45049	.861
45051	.809
45053	.807
45055	.804
45057	.879
45059	.817
45061	.857
45063	.983
45065	.857
45067	.61
45069	.602
45071	.817
45073	.842
45075	.887
45077	.806
45079	.995
45081	.994
45083	.822
45085	.839
45087	.606
45089	.854
45091	.841
46003	.94
46005	.93
46007	.96
46009	.949
46011	.932
46013	.931
46015	.927
46017	.872
46019	.939
46021	.945
46023	.948
46025	.947
46027	.937
46029	.958
46031	.956
46033	.93
46035	.943
46037	.953
46039	.948
46041	.804
46043	.931
46045	.927
46047	.949
46049	.931
46051	.935
46053	.931
46055	.936
46057	.951
46059	.928
46061	.93
46063	.923
46065	.927
46067	.939
46069	.936
46071	.962
46073	.926
46075	.924
46077	.951
46079	.958
46081	.938
46083	.939
46085	.957
46087	.945
46089	.95
46091	.947
46093	.94
46095	.968
46097	.957
46099	.947
46101	.961
46103	.944
46105	.939
46107	.932
46109	.948
46111	.938
46113	.826
46115	.934
46117	.921
46119	.924
46121	.984
46123	.929
46125	.944
46127	.953
46129	.94
46135	.953
46137	.978
47001	.997
47003	.821
47005	.828
47007	.837
47009	.993
47011	.993
47013	.831
47015	.808
47017	.864
47019	.998
47021	.994
47023	.815
47025	.811
47027	.826
47029	.822
47031	.802
47033	.834
47035	.808
47037	.992
47039	.842
47041	.802
47043	.998
47045	.84
47047	.808
47049	.83
47051	.804
47053	.857
47055	.84
47057	.835
47059	.843
47061	.83
47063	.825
47065	.987
47067	.883
47069	.827
47071	.811
47073	.803
47075	.88
47077	.881
47079	.831
47081	.824
47083	.816
47085	.819
47087	.827
47089	.818
47091	.822
47093	.981
47095	.807
47097	.889
47099	.846
47101	.849
47103	.969
47105	.995
47107	.83
47109	.827
47111	.812
47113	.81
47115	.821
47117	.863
47119	.819
47121	.836
47123	.861
47125	.99
47127	.997
47129	.816
47131	.804
47133	.82
47135	.876
47137	.834
47139	.814
47141	.997
47143	.827
47145	.989
47147	.801
47149	.995
47151	.884
47153	.828
47155	.992
47157	.802
47159	.828
47161	.811
47163	.988
47165	.997
47167	.816
47169	.82
47171	.803
47173	.807
47175	.842
47177	.825
47179	.986
47181	.829
47183	.83
47185	.835
47187	.975
47189	.99
48001	.994
48003	.976
48005	.989
48007	.973
48009	.965
48011	.951
48013	.979
48015	.984
48017	.952
48019	.968
48021	.98
48023	.951
48025	.803
48027	.971
48029	.972
48031	.958
48033	.962
48035	.986
48037	.978
48039	.989
48041	.962
48043	.951
48045	.959
48047	.999
48049	.972
48051	.974
48053	.963
48055	.982
48057	.995
48059	.963
48061	.808
48063	.996
48065	.967
48067	.825
48069	.953
48071	.807
48073	.997
48075	.964
48077	.974
48079	.972
48081	.986
48083	.969
48085	.978
48087	.959
48089	.966
48091	.966
48093	.961
48095	.982
48097	.965
48099	.987
48101	.956
48103	.995
48105	.997
48107	.97
48109	.945
48111	.944
48113	.987
48115	.987
48117	.958
48119	.984
48121	.977
48123	.983
48125	.96
48127	.81
48129	.97
48131	.825
48133	.984
48135	.992
48137	.967
48139	.986
48141	.998
48143	.971
48145	.995
48147	.99
48149	.957
48151	.964
48153	.969
48155	.957
48157	.983
48159	.973
48161	.967
48163	.984
48165	.968
48167	.985
48169	.957
48171	.949
48173	.952
48175	.979
48177	.961
48179	.989
48181	.987
48183	.98
48185	.8
48187	.967
48189	.964
48191	.989
48193	.96
48195	.955
48197	.972
48199	.801
48201	.985
48203	.987
48205	.943
48207	.952
48209	.968
48211	.93
48213	.985
48215	.816
48217	.985
48219	.97
48221	.976
48223	.965
48225	.803
48227	.975
48229	.965
48231	.985
48233	.98
48235	.954
48237	.964
48239	.976
48241	.819
48243	.956
48245	.808
48247	.8
48249	.8
48251	.991
48253	.982
48255	.805
48257	.988
48259	.96
48261	.961
48263	.962
48265	.96
48267	.954
48269	.954
48271	.989
48273	.977
48275	.964
48277	.978
48279	.966
48281	.961
48283	.999
48285	.964
48287	.969
48289	.979
48291	.812
48293	.972
48295	.961
48297	.976
48299	.973
48301	.815
48303	.957
48305	.968
48307	.991
48309	.971
48311	.978
48313	.987
48315	.818
48317	.95
48319	.954
48321	.812
48323	.836
48325	.971
48327	.99
48329	.962
48331	.802
48333	.96
48335	.987
48337	.978
48339	.979
48341	.953
48343	.856
48345	.953
48347	.97
48349	.984
48351	.824
48353	.964
48355	.977
48357	.963
48359	.955
48361	.811
48363	.991
48365	.975
48367	.984
48369	.948
48371	.817
48373	.803
48375	.966
48377	.878
48379	.985
48381	.951
48383	.958
48385	.961
48387	.805
48389	.84
48391	.97
48393	.962
48395	.987
48397	.978
48399	.801
48401	.991
48403	.859
48405	.808
48407	.8
48409	.998
48411	.978
48413	.811
48415	.972
48417	.943
48419	.981
48421	.949
48423	.983
48425	.973
48427	.878
48429	.969
48431	.946
48433	.948
48435	.978
48437	.967
48439	.982
48441	.961
48443	.978
48445	.977
48447	.956
48449	.977
48451	.97
48453	.97
48455	.988
48457	.805
48459	.981
48461	.956
48463	.989
48465	.996
48467	.974
48469	.979
48471	.978
48473	.99
48475	.985
48477	.969
48479	.991
48481	.979
48483	.956
48485	.981
48487	.955
48489	.839
48491	.978
48493	.969
48495	.99
48497	.996
48499	.984
48501	.971
48503	.964
48505	.826
48507	.863
49001	.942
49003	.956
49005	.942
49007	.965
49009	.927
49011	.956
49013	.969
49015	.962
49017	.949
49019	.952
49021	.963
49023	.968
49025	.944
49027	.94
49029	.953
49031	.938
49033	.928
49035	.96
49037	.986
49039	.956
49041	.957
49043	.958
49045	.964
49047	.966
49049	.954
49051	.96
49053	.978
49055	.942
49057	.97
50001	.958
50003	.968
50005	.97
50007	.957
50009	.978
50011	.962
50013	.97
50015	.966
50017	.955
50019	.983
50021	.987
50023	.961
50025	.963
50027	.958
51001	.961
51003	.95
51005	.987
51007	.97
51009	.97
51011	.967
51013	.942
51015	.958
51017	.954
51019	.962
51021	.975
51023	.962
51025	.814
51027	.988
51029	.978
51031	.966
51033	.982
51035	.813
51036	.987
51037	.991
51041	.968
51043	.961
51045	.972
51047	.975
51049	.97
51051	.983
51053	.983
51057	.977
51059	.947
51061	.95
51063	.971
51065	.958
51067	.978
51069	.973
51071	.985
51073	.955
51075	.967
51077	.804
51079	.958
51081	.991
51083	.815
51085	.966
51087	.972
51089	.834
51091	.959
51093	.963
51095	.946
51097	.975
51099	.975
51101	.964
51103	.973
51105	.971
51107	.947
51109	.981
51111	.991
51113	.96
51115	.948
51117	.805
51119	.964
51121	.963
51125	.962
51127	.969
51131	.966
51133	.965
51135	.979
51137	.976
51139	.998
51141	.999
51143	.803
51145	.96
51147	.984
51149	.973
51153	.953
51155	.808
51157	.956
51159	.972
51161	.959
51163	.956
51165	.953
51167	.996
51169	.999
51171	.976
51173	.802
51175	.977
51177	.951
51179	.951
51181	.973
51183	.995
51185	.979
51187	.966
51191	.982
51193	.971
51195	.967
51197	.997
51199	.95
51510	.948
51515	.989
51520	.999
51530	.987
51540	.962
51550	.964
51570	.982
51580	.991
51590	.83
51595	.818
51600	.954
51610	.973
51620	.807
51630	.991
51640	.803
51650	.977
51660	.964
51670	.804
51678	.992
51680	.977
51683	.968
51685	.954
51690	.6
51700	.973
51710	.984
51720	.955
51730	.838
51735	.95
51740	.984
51750	.985
51760	.8
51770	.986
51775	.963
51790	.973
51800	.966
51810	.959
51820	.982
51830	.835
51840	.979
53001	.965
53003	.981
53005	.958
53007	.965
53009	.985
53011	.827
53013	.984
53015	.828
53017	.966
53019	.813
53021	.962
53023	.953
53025	.973
53027	.817
53029	.981
53031	.974
53033	.988
53035	.971
53037	.973
53039	.981
53041	.82
53043	.974
53045	.994
53047	.974
53049	.807
53051	.821
53053	.988
53055	.947
53057	.991
53059	.994
53061	.801
53063	.983
53065	.805
53067	.971
53069	.814
53071	.955
53073	.978
53075	.947
53077	.968
54001	.992
54003	.985
54005	.994
54007	.98
54009	.811
54011	.966
54013	.821
54015	.819
54017	.974
54019	.986
54021	.965
54023	.812
54025	.983
54027	.978
54029	.818
54031	.997
54033	.971
54035	.829
54037	.966
54039	.971
54041	.975
54043	.806
54045	.998
54047	.827
54049	.965
54051	.987
54053	.821
54055	.969
54057	.979
54059	.807
54061	.946
54063	.965
54065	.991
54067	.991
54069	.978
54071	.975
54073	.802
54075	.813
54077	.97
54079	.963
54081	.98
54083	.985
54085	.988
54087	.83
54089	.978
54091	.979
54093	.809
54095	.808
54097	.989
54099	.977
54101	.804
54103	.823
54105	.814
54107	.988
54109	.815
55001	.983
55003	.983
55005	.971
55007	.962
55009	.971
55011	.957
55013	.991
55015	.967
55017	.966
55019	.976
55021	.971
55023	.981
55025	.954
55027	.984
55029	.966
55031	.965
55033	.958
55035	.96
55037	.981
55039	.978
55041	.981
55043	.961
55045	.978
55047	.975
55049	.962
55051	.994
55053	.972
55055	.98
55057	.985
55059	.998
55061	.973
55063	.959
55065	.96
55067	.985
55069	.996
55071	.985
55073	.977
55075	.802
55077	.983
55078	.827
55079	.993
55081	.964
55083	.991
55085	.974
55087	.975
55089	.972
55091	.954
55093	.961
55095	.984
55097	.958
55099	.994
55101	.993
55103	.975
55105	.811
55107	.801
55109	.968
55111	.97
55113	.971
55115	.982
55117	.983
55119	.996
55121	.964
55123	.966
55125	.971
55127	.977
55129	.978
55131	.981
55133	.972
55135	.982
55137	.982
55139	.97
55141	.974
56001	.936
56003	.982
56005	.957
56007	.968
56009	.959
56011	.949
56013	.974
56015	.953
56017	.958
56019	.967
56021	.963
56023	.965
56025	.973
56027	.945
56029	.951
56031	.962
56033	.966
56035	.945
56037	.974
56039	.952
56041	.972
56043	.959
56045	.959
72001	.617
72003	.879
72005	.878
72007	.882
72009	.892
72011	.883
72013	.867
72015	.627
72017	.601
72019	.896
72021	.836
72023	.835
72025	.858
72027	.856
72029	.612
72031	.833
72033	.883
72035	.881
72037	.876
72039	.636
72041	.873
72043	.631
72045	.634
72047	.877
72049	.816
72051	.852
72053	.878
72054	.615
72055	.899
72057	.62
72059	.626
72061	.806
72063	.863
72065	.865
72067	.864
72069	.608
72071	.891
72073	.619
72075	.886
72077	.891
72079	.886
72081	.875
72083	.881
72085	.892
72087	.604
72089	.602
72091	.892
72093	.899
72095	.659
72097	.879
72099	.88
72101	.616
72103	.632
72105	.889
72107	.628
72109	.636
72111	.602
72113	.859
72115	.868
72117	.879
72119	.871
72121	.889
72123	.652
72125	.878
72127	.819
72129	.885
72131	.882
72133	.657
72135	.829
72137	.834
72139	.811
72141	.658
72143	.863
72145	.876
72147	.677
72149	.898
72151	.641
72153	.86
